Mobile Device Model,Sessions
iPhone,"8,165"
iPad,"1,673"
(not set),"1,307"
Pixel 2 XL,826
Pixel 2,643
A1-850,389
Pixel,382
Opera Mini for S60,372
Pixel XL,366
M6800,345
Nexus 5X,339
Redmi Note 4,200
Nexus 5,162
Mi A1,117
Windows RT Tablet,113
Moto G (4),92
Moto G (5) Plus,89
F90M,81
Redmi Note 3,78
Redmi 4,76
Moto E(4),69
Redmi 4A,66
Nexus 6P,59
Le X527,52
MS210,49
Redmi 3S,49
ALE-L21,46
Moto E (4) Plus,44
Redmi 5A,43
iPod,42
Z982,37
1610,36
Redmi 4X,35
Moto G Play,35
XT1706,34
A37f,32
MotoG3,31
Y53 1606,30
WAS-LX1A,30
A7010a48,30
M153,29
KFFOWI,29
EVA-L09,28
JioPhone,27
A7020a48,27
P1ma40,27
iPhone 6s,27
iPhone X,25
MP260,25
Nexus 6,25
PRA-LX1,25
Moto C Plus,25
MotoG3-TE,23
A1601,23
A37fw,23
XT1650,23
VNS-L31,22
KFAUWI,22
iPhone 7 Plus,22
TA-1053,22
iPhone SE,22
A0001,22
TA-1032,21
MI 6,21
1501,21
A57,21
MI MAX 2,20
Mi 5,20
CAM-L21,19
XT1562,19
MP450,19
TB3-710F,19
LGLS676,18
KFDOWI,18
XT1635-02,18
TP260,18
Z981,18
LF2403N,18
WAS-LX1,18
H872,17
FRD-L09,17
A5000,17
BLN-L21,17
K33a42,17
Moto C,17
Moto X4,17
SHIFT,16
V3,16
K8 Plus,16
K8 Note,16
X510,15
XT1068,15
ONE A2003,15
iPhone 6,15
A2010-a,15
XT1254,15
XT1789-05,15
N9560,15
PH-1,15
BLN-L22,14
VNS-L21,14
G3121,14
XT1663,14
Moto Z2 Play,14
iPhone 7,14
Nexus 7,14
LGM-M700,14
F670S,13
Moto G (5S),13
Redmi Y1,13
D6603,13
CPH1609,13
Desire 728,13
PB2-650M,13
1716,13
VS501,13
G8142,12
CPH1723,12
Y51L,12
Hol-U19,12
RNE-L21,12
VTR-L09,12
LS675,12
XT1033,12
Z851M,12
Q427,11
E1003,11
1718,11
CPH1605,11
XT1585,11
A1000,11
MS550,11
BLA-L29,11
Desire 530,11
PLK-L01,11
K50a40,11
D6503,11
H831,10
iPhone 8,10
H870,10
A10-70F,10
A7000,10
F3311,10
Redmi 3,10
LG-M250,10
E5823,10
MHA-L29,10
LUA-U22,10
XT1635-01,9
Phone,9
1713,9
R7Plusm,9
F8331,9
10,9
RNE-L22,9
YU5010,9
P55,9
Mi Max,9
1609,9
Z010D,9
H815,9
LG-M200,9
KSFUWI,9
A5010,9
U11,9
F1f,9
5049Z,9
X557,9
1201,9
Desire 626G PLUS,9
E6653,9
1714,9
640,9
H932,9
CUN-L21,8
K53a48,8
Le X526,8
VFD 1100,8
G8141,8
Y55 1603,8
T00J,8
P2a42,8
K350,8
K120,8
Desire 820G PLUS dual sim,8
M327,8
H918,8
X230,8
iPhone 6s Plus,8
VS425PP,8
LG-M151,8
P01M,8
5044R,8
H955,8
TA-1021,8
Z833,8
H873,8
VTR-L29,8
XT1505,8
PlayStation Vita,8
LS-5016,8
K520,8
F5321,7
Redmi Note 5A,7
Pixel C,7
CP8298_I00,7
F3111,7
3622A,7
A3003,7
2014818,7
Z798BL,7
H830,7
D855,7
A2017G,7
LG-M320,7
LG-LS997,7
m3 note,7
LS-4505,7
Xperia Z1,7
XT1609,7
LS777,7
GT-i9300,7
A6000,7
TRT-LX2,7
iPhone 8 Plus,7
N817,7
iPhone 5s,7
Iris 700,7
Q391,7
Lumia 535,7
KFGIWI,7
H850,7
X240,7
x551,7
K420,7
Z00LD,7
SO-02G,7
MYA-L22,7
MYA-L11,7
LG-M150,6
Desire 526G,6
VS,6
SO-02J,6
Desire 828,6
1611,6
Z012D,6
TB-8504F,6
Lumia 635,6
6045O,6
A6020a46,6
Z899VL,6
A33f,6
AGS-L09,6
A007,6
Z00UD,6
Y625-U13,6
Honor 9 STF-L09,6
K50-t3s,6
D2212,6
ALE-L23,6
Liquid Z320,6
VF685,6
SLA-L02,6
Z00VD,6
3632A,6
Iris X8 L,6
A536,6
U601S,6
CRO-U00,6
Z971,6
MI 5s,6
VS986,6
YU5530,6
FRD-L04,6
WAS-LX3,6
iPhone 6 Plus,6
H910,6
LG-M470,6
TA-1020,6
X507,6
MT6735,6
VS995,6
620G,5
XT1069,5
Z835,5
MS631,5
Ilium X710,5
US215,5
M400,5
A2017U,5
A33w,5
Le X509,5
D2303,5
RAIN A3000,5
F103 Pro,5
XT1080,5
A2020a40,5
U FEEL LITE,5
Redmi Note 4X,5
Boom J8,5
VKY-L29,5
iPad Air,5
ZUK Z2132,5
A1,5
GRA-L09,5
VS996,5
CUN-U29,5
TA-1024,5
A41,5
BND-L21,5
BLA-L09,5
TB3-730X,5
V3Max,5
YU4711,5
Z820,5
K130,5
XT1032,5
N9136,5
TAG-L01,5
Lenny 2,5
Eluga I2,5
8063,5
Desire 628,5
L84VL,5
LS-5020,5
TB3-710I,5
A574BL,5
Q380,5
3600I,5
H870DS,5
One A2005,5
A41 Plus,5
VTR-AL00,5
AQ5001,5
Z012DA,5
VS988,5
REVVLPLUS C3701A,5
A13,5
D852,5
XT1022,5
Mi MIX 2,5
CP8676_I02,5
G3221,5
CAM-L03,5
F5121,5
A7-30HC,5
XT1575,5
MYA-L41,5
P70-A,5
W2,5
FRD-AL00,5
Ryu,5
V300L,5
X014D,5
M8,5
H990,5
Note 1LTE,5
A6600d40,5
TIT-AL00,5
H811,4
iPad Air 2,4
A7-20F,4
VS810PP,4
VNS-L23,4
602KC,4
Desire 816G,4
M430,4
Redmi Y1 Lite,4
K10T,4
A82,4
Blade V0720,4
BLADE V7 LITE,4
TP450,4
MS330,4
X9009,4
HS2,4
MI 4W,4
Nexus 9,4
S60,4
P7 Max,4
H634,4
B2017G,4
Smart Ultra 6,4
K88,4
iris 550,4
MIX 2,4
Mi-4c,4
A7000-a,4
HM NOTE 1S,4
Dash X,4
Z00ED,4
G3313,4
Y336-U02,4
LGLS755,4
SO-01J,4
Z799VL,4
Venus V3 5040 2GB,4
LG-K220,4
Q350,4
A106,4
U Play,4
M9,4
P1a42,4
U2,4
ASUS_Z00AD,4
5010X,4
D2502,4
Z839,4
K9 Viraat 4G,4
HTC6545LVW,4
MHA-L09,4
Q4310,4
Nexus 4,4
W3,4
Smart 4G,4
Blade A462,4
ELUGA Ray X,4
Z012S,4
CPH1611,4
5010D,4
KOB-L09,4
Desire 526G+,4
Y51,4
TRT-LX3,4
Aquaris X,4
D5322,4
PIC-LX9,4
X00ID,4
U989,4
A6020a40,4
C6903,4
Y221-U12,4
BG2-W09,4
E5603,4
VF-696,4
SO-04J,4
4034X,4
One M7,3
Blade V7,3
M10h,3
VKY-L09,3
NEM-L21,3
E352,3
XT1060,3
Mi 4i,3
LG-M322,3
BLL-L22,3
VFD 500,3
Note 3,3
S0-04G,3
Eluga A2,3
KIW-L24,3
BLL-L21,3
MLA-L03,3
iPad Mini 2,3
A1010a20,3
N9518,3
DLI-L22,3
LS-5014,3
Y21,3
LG-K332,3
K500,3
Z717VL,3
X557 Lite,3
X008D,3
E6820,3
BLADE L110,3
X572,3
BLL-L23,3
A120,3
5027B,3
LS-4503,3
T70,3
Xperia D6653,3
L63BL,3
Y635-L01,3
ZE551ML,3
P7,3
F800K,3
G8441,3
HM 1S,3
bravo Z40,3
CPH1607,3
SMART 4G MAX 5.5,3
CHC-U01,3
501SO,3
M8x,3
KFTHWI,3
CRO-L22,3
G3311,3
H320,3
LG-H858,3
Iris 708,3
E6853,3
LGLS992,3
VS987,3
A10-70L,3
K330,3
Z983,3
Lumia 730,3
VIA M1,3
YT3-850M,3
6055U,3
A2016b30,3
KFMEWI,3
LGL58VL,3
XT1049,3
820s,3
GM 6 d,3
Xperia D6633,3
Sunny 2 Plus,3
CPH1727,3
A466BG,3
JERRY,3
D2403,3
VF1497,3
K550,3
LS991,3
D331,3
LS-5015,3
VIE-L09,3
F3112,3
8080,3
E481,3
MHA-AL00,3
Y21L,3
E2,3
CPH1725,3
H735,3
Z500M,3
C6603,3
E2363,3
Shield Tablet K1,3
One A9s,3
LS998,3
Lumia 950,3
4034E,3
DUK-L09,3
D337,3
5049W,3
PRA-LA1,3
X1,3
KIW-L21,3
360m,3
K50-t5,3
CPH1717,3
Desire 728G,3
Pioneer P5L (2016),3
IF9001,3
MS345,3
D5306,3
Le X520,3
Blade A310,3
Iris Fuel F1,3
LG-M320G,3
Redmi 5 Plus,3
5016J,3
X220,3
Advance 5.0,3
M7,3
H930,3
Moto X Play,3
L675,3
AQUA TREND LITE,3
X600 LTE,3
Desire 626 Dual Sim,3
Blade V6,3
XT1565,3
K371,3
Q372,3
K7,3
Ufeel 4G,3
Iris 510,3
SLA-L22,3
T5,3
BAH-W09,3
N9137,3
Y360-U23,3
K410,3
Z832,3
LGLS450,3
G3116,3
P024,3
iris 512,3
A3500-HV,3
Desire 625,3
LGLS775,3
Z017DB,3
Venus 5000 2GB,3
CRR-UL00,3
510,3
3505I,3
BTV-DL09,3
A99,3
Machfive,2
Cuddle A4,2
SP200,2
SO-04H,2
A462C,2
Elite Sense,2
TA-1033,2
LGMS428,2
P9 Plus Dual SIM TD-LTE,2
A8,2
LGMS550,2
H220,2
640 XL,2
Xperia SGP312,2
Hot 4 Pro,2
LS-4008,2
K450,2
Z557BL,2
Q462,2
SCL-U31,2
RM-1114,2
LS-5504,2
Xperia SGP771,2
Philips S309,2
G610-U00,2
F8332,2
LGUS375,2
T1 7.0,2
TA-1000,2
T320,2
4060A,2
M530,2
D5803,2
Y560-L01,2
SGP511,2
S1a40,2
A107,2
KFAPWI,2
Z00SD,2
QV830,2
US997,2
V34,2
X5max,2
BBB100-1,2
E5333,2
D2306,2
A570BL,2
SF1,2
XT1064,2
4034D,2
X559C,2
i5 Pro,2
SCL-L04,2
A97,2
FRD-AL10,2
H900,2
2PS64,2
X00GD,2
H1711 Ascent XT2,2
X3,2
BLADE A602,2
Redmi 3X,2
SMART MAX 4.0 Plus,2
XT1097,2
TRT-LX1,2
Camon CX,2
Z965,2
M680,2
A2016a40 B,2
A01L,2
K10a40,2
CPH1715,2
D125,2
A5600,2
Z60,2
002A,2
Ascend P7 L10,2
x597,2
P00L,2
M2,2
YT3-X50F,2
Konnect Plus,2
X013D,2
Y330-U01,2
Lai Yuna 1,2
iris 755,2
D6616,2
E5663,2
MS323,2
LYO-L01,2
iPad Pro 10.5,2
F-01H,2
5025G,2
BAC-L03,2
ONE 3G HD,2
Aqua Selfie,2
Z007,2
HTV32,2
L163BL,2
Blade A601,2
RNE-L01,2
LS-5017,2
S2,2
X6,2
SO-01H,2
Aqua Power II,2
Lumia 950 XL,2
RS988,2
RCT6513W87,2
5045J,2
U673C,2
4017F,2
E2306,2
MX5,2
iPad Pro 12.9 inch,2
Q465,2
Q402,2
VFD 600,2
Z012DB,2
55 Helium,2
X38,2
VFD 510,2
9024W,2
5080X,2
M3,2
XT1572,2
K530,2
Robin,2
Lumia 520,2
F700S,2
One mini,2
A310,2
NXT-L29,2
V521,2
M2 Note,2
Freddy,2
R11,2
Iris 353,2
V47,2
Fire TV Stick (Gen 2),2
Iris 505,2
LS-6001,2
X009D,2
A6600a40,2
E1005,2
QMV7b,2
M5,2
TB2-X30F,2
LGL82VL,2
X00HD,2
e2104,2
X509,2
A577VL,2
A7-10,2
A53B,2
D410,2
C103,2
S1,2
RCT6K03W13,2
Lumia 535 Dual Sim,2
Z017DA,2
SHV40,2
TB2-X30L,2
S455,2
Z831,2
H502,2
Lumia 625,2
LS-5201,2
XT1058,2
M257,2
Wii U,2
EVA-AL00,2
BKL-L09,2
Aqua Super,2
Grand X IN,2
LGL62VL,2
SO-01K,2
P00I,2
TB-X304F,2
SOV32,2
5051D,2
Aquaris U,2
S41,2
E2003,2
D690,2
iris 820,2
F3213,2
Desire 816,2
LS-4006,2
i10,2
X3L,2
Z988,2
T00F,2
DIG-L21,2
Echo,2
LUA-U21,2
Z828,2
PMT3147 3G,2
G8232,2
F610S,2
S11,2
Y635-L21,2
P6,2
D802T,2
dtab,2
M6 Note,2
Y31L,2
etab5,2
Y360-U72,2
X571,2
M3s,2
TAG-L22,2
LS-5002,2
XT1710-02,2
P00C,2
STV100-4,2
X00BD,2
E2303,2
LENNY3,2
H961N,2
it1512,2
Desire 820,2
MLA-L11,2
P5W,2
L158VL,2
PGN611,2
H812,2
T50,2
SCL-L02,2
XT1700,2
Z017D,2
SMART 4G Speedy 4.0 Plus,2
ZUK Z1,2
RCT6303W87M7,2
Coolpad Y91-I00,2
Aura Note 4G,2
Smartphone 6.1,2
Z837VL,2
X008DA,2
A50TI,2
Z956,2
K9 Smart 1GB,2
G-Tab,2
U Feel Prime,2
Discovery,2
K-200 X Style,2
D724,2
LON-L29,2
X00DD,2
L57BL,2
Z667T,2
B15Q,2
VIE-AL10,2
LGL34C,2
it1508,2
Pixel V2,2
U11 Plus,2
LS993,2
D-Lite,2
G3226,2
LG-M160,1
Sunny,1
H3113,1
E5633,1
Luno,1
D530u,1
Next,1
Q4202,1
P12,1
F2,1
C6902,1
Y635-L03,1
JY-G4,1
Canvas Tab P702,1
TB3-X70F,1
Z812,1
X500,1
VKY-AL00,1
A7600-H,1
Smart Tab 3G,1
LS665,1
E2105,1
S300,1
M6,1
SLA-L03,1
T3,1
LGL52VL,1
M5_lite,1
X19,1
L64VL,1
SM-G950F,1
U20,1
XT918,1
X700 Pro,1
LS-5505,1
4009X,1
V480,1
LG-F800L,1
Dtab d-01H,1
K010,1
BQS-4503,1
C5303,1
BV0710,1
QTASUN2,1
50f Helium,1
Swift 2 X,1
KII-L05,1
M9e,1
M-G600K,1
LK430,1
Y51A,1
Y530-U00,1
TFX712G,1
H710VL,1
i3 Pro,1
NX510J,1
D851,1
Click,1
J5,1
Aqua S3,1
3300A,1
it1408,1
F400L,1
H892L,1
H4113,1
A311,1
C6802,1
Q340,1
BQS-4010,1
H440n,1
XT1040,1
D693n,1
Iris 800,1
Lumia 550,1
Y31,1
LS-5013,1
Life One X2,1
IM-A870S,1
Blaze 4.5,1
5.0W,1
ROBBY,1
D722,1
K6000 Pro,1
Z01KDA,1
Y6,1
BLA-A09,1
Elite 5,1
H540,1
GRA-UL10,1
L18VC,1
X6SPlus D,1
4013M,1
T00N,1
X007D,1
ALE-L02,1
EVA-AL10,1
A9u,1
XT1095,1
Moto G,1
S850,1
H60-L04,1
SO-02H,1
F200S,1
IQ II,1
A830,1
Q58 Xplore,1
One 7,1
LG-H845,1
C46B2H,1
E6833,1
PMP7480D3G,1
BAC-AL00,1
2PQ910,1
Aquaris M4.5,1
Power Tab 10,1
A6010,1
Z233VL,1
IQ Z,1
Z520,1
X00LDA,1
TA-1039,1
4G,1
RCT6973W43,1
BL5000,1
Q332,1
Lumia 1320,1
K017,1
V407 Bharat 1,1
V410,1
Symtab20,1
B3-A20,1
A1 PLUS,1
SHV41,1
P65,1
Lumia 430,1
Y100 Plus,1
A109,1
F103,1
Z917VL,1
CHC-U03,1
D6653,1
XT1030,1
L-ITE 552,1
S858t,1
VNS-L22,1
S4Z,1
LYO-L21 Honor 5A,1
B1-770,1
G7-L01,1
GEM,1
M10/Q1010,1
TRT-L21A,1
TB-7304F,1
X003,1
HW-CHM-CL00,1
A3-A40,1
U FEEL,1
E-TAB IVORY,1
G3426,1
A328,1
Xperia SGP612,1
E6560,1
E6782,1
H700,1
S57,1
R9s,1
E570,1
X9,1
CUN-L01,1
NEM-L22,1
E2115,1
Eluga I3,1
Blade A460,1
Z958,1
PB2-670Y,1
HTL23,1
NX569J,1
Q338,1
Trek HD,1
SP320,1
G8341,1
SO-03G,1
776,1
BBB100-3,1
Vivo XL2,1
KFJWI,1
Iris X8s,1
D626Q,1
VFD 1400,1
E311,1
A2017,1
One Touch Idol 4 6055K,1
Z10,1
TAG-L23,1
Che2-L11,1
H871,1
Blade A465,1
XL,1
Lenny 4,1
A3000-H,1
Benefit_M502,1
RM-1090,1
Hudl 2,1
SO-01C,1
Phone with Application Compatibility Layer,1
601SO,1
Iris 504q plus,1
BLADE A110,1
D631,1
it1355,1
KIW-L22,1
SO-03J,1
Y300-0100,1
2014811,1
9010X,1
A11w,1
G3223,1
i2,1
50,1
YB1-X90F,1
Q450,1
Aquaris U Plus,1
F3,1
Aquos mini SHV31,1
T06,1
DL701Q,1
CUN-L03,1
X9006,1
SOV35,1
TB-X103F,1
BND-AL10,1
C6743,1
A6020136,1
Lumia 820,1
Y13,1
AQUA LIONS 2,1
E7,1
E455,1
K100,1
X00AD,1
V7,1
X00DDA,1
D320,1
H631,1
T00i,1
C2,1
V7s,1
Eluga Mark 2,1
5051X,1
SO-02,1
Desire,1
CUN-L22,1
Q409,1
Lumia 930,1
LUA-U03,1
K10000,1
S660,1
Rise 30,1
Smart 4G.,1
R7sf,1
P802,1
Stealth G5 7,1
TB3-850M,1
D802,1
8050E,1
LS-4005,1
SH-01G,1
BNTV450,1
D325,1
Q336,1
W50,1
P8max,1
G8231,1
X2DS,1
A79,1
G620S-L01,1
W7,1
P3S,1
S6,1
C-8,1
W4,1
C7-00,1
Cloud Power+,1
X501,1
Z959,1
MLA-L12,1
0PJA2,1
LG-H818,1
5054N,1
2PYB2,1
530,1
i-STYLE 8.5,1
X5 Pro D,1
LG-D958,1
SOV34,1
PB1-750M,1
A177,1
G8342,1
H860,1
F5122,1
Xperia  SOL25,1
KFOT,1
MO-01J,1
K9 Smart,1
A571VL,1
TIT-U02,1
Play Tab,1
Aqua Power+,1
Vision,1
A559,1
A53,1
Z010DD,1
H891L,1
5085X,1
A7700,1
D2004,1
V504730,1
A77,1
D5103,1
E502,1
Agua Rio Lite,1
A2010l36,1
E580,1
4047D,1
SMART Surf2 4G,1
LT30p,1
TAB 2 A8-50L,1
Blade V6 Plus,1
iris 605,1
QTAIR7,1
Gorgeo 4GL,1
A350,1
Aqua Power HD,1
Mi-498,1
E6633,1
Titanium K9 Smart,1
Aqua Twist,1
SCC-U21,1
TB3-850F,1
F3116,1
A1R,1
KFSAWI,1
PGN528,1
T07 Liquid Zest 4G,1
Q355,1
X1S,1
Z012DC,1
itel-it1520,1
S337,1
WAS-LX2,1
P650,1
VFD 300,1
X50,1
XT1563,1
Primo EF3,1
Energy X 2,1
SOV33,1
K8,1
E5563,1
Cobalt4,1
2,1
iPad Mini,1
X537,1
M23i,1
T1-A21L,1
Rainbow,1
A1603 Neo 7,1
JY-S3,1
cp3636a,1
H1611,1
WX3P,1
506SH,1
Desire 626s,1
XT1528,1
P8 PRO,1
Andi Avonte 5,1
Z716BL,1
8,1
5015D,1
KFTT,1
P01MA,1
FS505,1
T60,1
HW-Che1-CL10,1
Y330-U11,1
P9,1
Z8,1
802D,1
Aqua 5.5 VR,1
X165g,1
ZUK Z2131,1
U11 life,1
L53,1
RHYTHM RX75,1
Aqua Pride,1
A096,1
Desire 626G,1
A76,1
Y11,1
S831X,1
KIW-TL00H,1
Lumia 532,1
W960i,1
VS450PP,1
MI 5s Plus,1
A67,1
T328E,1
X7 Plus,1
it1409,1
SM-G570F,1
LG-D950,1
CAN-L11,1
PRA-LX2,1
M460,1
NEM-L51,1
Lumia 735,1
X5 Max Pro,1
A40 Indian,1
A35C Lite,1
Storm,1
iPod touch 6th gen,1
M20 Pro,1
US991,1
V495,1
Aura Sleek 4G,1
itl1508 Plus,1
VK410,1
F3211,1
Aqua A4 Plus,1
8050G,1
C6833,1
MI-3W,1
Primo HM mini,1
YT-X703F,1
Iron Pro,1
5017B,1
iPad Mini 4,1
D10i,1
5010S,1
LGL164VL,1
Desire 826,1
Y560-U02,1
WAS-L03T,1
F-03G,1
PJ401,1
Hero 8,1
PGN518,1
FTJ152C,1
MZ-m2,1
Blade X8,1
TAB 2 A8-50F,1
X521,1
Q392,1
FRD-L14,1
Mi 5X,1
M350,1
KYY24,1
E2333,1
MZ-Pro 6,1
Iris X1 Grand,1
G3312,1
E980,1
Era 4K,1
P55 Novo,1
Q413,1
Ilium LT500,1
CAM-L23,1
TA-1003,1
Boost,1
F23,1
6515LVW,1
A44,1
YD201,1
BLN-L24,1
K580,1
X00LDB,1
YT3-X50L,1
One E9+,1
302HW,1
Konnect 504,1
Blade V0730,1
d-02H,1
Q326,1
5017O,1
BLN-AL40,1
Onyx,1
TAG-L21,1
LT500,1
L8 Lite,1
T1,1
4060O,1
8297L-I00,1
ELUGA Ray,1
K428,1
LS-5009,1
H522,1
B16C2H,1
D5503,1
F3313,1
Q424,1
Q380N,1
IQ4409,1
HOT 3 LTE,1
Z836BL,1
H635,1
X30,1
Swift,1
X008DC,1
403SH,1
5056N,1
RNE-L03,1
SOL26,1
XT1096,1
A316,1
HWT31,1
Blade A452,1
MS45S,1
RM-1115,1
i5i,1
F-05J,1
V2 3GB,1
SO-02K,1
Black,1
H300,1
KFARWI,1
ELUGA A,1
Y538,1
VS985,1
L8 Plus,1
STH100-1,1
Aquaris M5,1
HW-SCL-L32,1
Q385,1
Iconia Tab A1-840,1
M20i,1
X11,1
Lumia 520T,1
EM756,1
Iris X8,1
Mi 5C,1
H871G,1
F800S,1
TC55,1
FRD-L19 Honor 8 Premium,1
HTV33,1
820G+,1
Shield Tablet,1
C2305,1
ME173X,1
BG2-U01,1
Lumia 720,1
LG-M255,1
Xplorer H50,1
K9 Smart Yuva,1
3830,1
Flair Z1,1
6525LVW,1
D2302,1
7046T,1
HTCD160LVWPP,1
Z932L,1
F-01K,1
5085C,1
RM-1109,1
P01Y,1
LG-K240,1
Lumia 435,1
D838,1
VITA,1
8050D,1
LUA-L22,1
KFSOWI,1
Desire 10 Pro,1
F-04H,1
M5c,1
Y2,1
BAC-L21,1
A5500-H,1
H525n,1
TRT-L53,1
P700+,1
H222,1
S6s,1
Lava A1,1
XT1028,1
X9079,1
Q426,1
S3,1
Find 7,1
X6D,1
iris X8q,1
C5302,1
M2mini,1
K00Z,1
5022x,1
4013X,1
One M8s,1
Q416,1
XT1580,1
E471,1
Rome,1
XT1093,1
CRR-L09,1
Che1-L04,1
HS_10DTB12A,1
ELUGA Ray Max,1
GM 6,1
C6883,1
CP8676_I03,1
Mi Note 3,1
5045D,1
Air,1
H422,1
A114,1
975,1
A9,1
Iris Alfa L,1
Aqua Strong 5.1,1
Iris 810,1
X2,1
T00C,1
Lumia 920,1
VIA V9,1
Le X522,1
Spice Xlife M5+,1
GSmart Classic,1
KFASWI,1
5054O,1
T00P,1
Aqua Star II,1
5044Y,1
D2203,1
4009S,1
Q4260,1
V1Max,1
A76Plus,1
5051J,1
Z986DL,1
Venue 7 HSPA+,1
CAM-TL00,1
LGM-G600L,1
FS407,1
SO-03H,1
VS835,1
Swift 2 Plus,1
A880,1
MYA-U29,1
8978P,1
ATH-UL01,1
T12,1
LS-5006,1
D5102,1
L9 Plus,1
E39,1
Z017DC,1
ONE TOUCH 6037Y,1
Y625-U21,1
RIO-AL00,1
K2,1
iris50,1
Aqua Joy,1
SUPER,1
MYA-L13,1
DP7CPRO,1
V4S,1
Aqua Ace II,1
CPH1729,1
VK810,1
K90U,1
LYF Wind 3 LS-5502,1
P5_eMagic,1
E484,1
PRA-LX3,1
KB500KG,1
DM-7G,1
Prime,1
Infinity_G20,1
S7,1
D405,1
Desire 650,1
DUK-AL20,1
ADVANCE 4.0 L2,1
i6i,1
SHV38,1
TAB 2 A8-50LC,1
BLADE A610,1
F3115,1
D6502,1
SH-03J,1
P1a41,1
LIFE XL,1
F3113,1
Ilium X510,1
NMO-L31,1
L34C,1
Astra NXT 4G,1
Tommy 2,1
AQUA A4,1
Fire Phone,1
Ctrl V5,1
K540,1
LUA-L03,1
Aqua Raze,1
H326,1
C NOTE,1
ONETOUCH POP 7 LTE,1
P00J,1
E7S,1
TB-8504X,1
C6742A,1
SM-J700F,1
VS980,1
SHV36,1
F240S,1
A6 Turbo,1
Lumia 630,1
E5553,1
P01Z,1
5098O,1
iPhone 5c,1
Retro,1
LS770,1
D722K,1
XT1225,1
D160LVW,1
C6916,1
KBD,1
A9U,1
P8,1
4003A,1
H901,1
others,8